run_id,arm,model_tag,level,seed,step,target,value,undirected_before,undirected_after,mec_size_before,mec_entropy_before,mec_exhaustive,true_gain_chosen,true_gain_best,selection_regret,selection_quality,eig_chosen_nats,eig_best_nats,eig_regret_nats,edges_resolved,orientations_correct,orientations_wrong,selector_meta
20260819T065858Z,random+meek,none,0,295485567,1,3,6.4825,4,1,8,2.07944,1,3,3,0.0,1.0,1.32089,1.55958,0.23869,3,3,0,"{""rule"": ""uniform_over_open_targets""}"
20260819T065858Z,random+meek,none,0,295485567,2,1,2.9872,1,0,2,0.69315,1,1,1,0.0,1.0,0.69315,0.69315,0.0,1,1,0,"{""rule"": ""uniform_over_open_targets""}"
20260819T065858Z,maxdeg+meek,none,0,295485567,1,1,2.9872,4,1,8,2.07944,1,3,3,0.0,1.0,1.55958,1.55958,0.0,3,3,0,"{""rule"": ""max_undirected_degree"", ""degree"": 3}"
20260819T065858Z,maxdeg+meek,none,0,295485567,2,2,8.2936,1,1,2,0.69315,1,1,1,0.0,1.0,0.69315,0.69315,0.0,0,0,0,"{""rule"": ""max_undirected_degree"", ""degree"": 1}"
20260819T065858Z,maxdeg+meek,none,0,295485567,3,2,8.2936,1,1,2,0.69315,1,1,1,0.0,1.0,0.69315,0.69315,0.0,0,0,0,"{""rule"": ""max_undirected_degree"", ""degree"": 1}"
20260819T065858Z,eig+meek,none,0,295485567,1,1,2.9872,4,1,8,2.07944,1,3,3,0.0,1.0,1.55958,1.55958,0.0,3,3,0,"{""rule"": ""max_expected_information_gain"", ""eig_nats"": 1.55958, ""mec_size"": 8, ""mec_entropy_nats"": 2.07944, ""mec_exhaustive"": true}"
20260819T065858Z,eig+meek,none,0,295485567,2,2,8.2936,1,1,2,0.69315,1,1,1,0.0,1.0,0.69315,0.69315,0.0,0,0,0,"{""rule"": ""max_expected_information_gain"", ""eig_nats"": 0.69315, ""mec_size"": 2, ""mec_entropy_nats"": 0.69315, ""mec_exhaustive"": true}"
20260819T065858Z,eig+meek,none,0,295485567,3,2,8.2936,1,1,2,0.69315,1,1,1,0.0,1.0,0.69315,0.69315,0.0,0,0,0,"{""rule"": ""max_expected_information_gain"", ""eig_nats"": 0.69315, ""mec_size"": 2, ""mec_entropy_nats"": 0.69315, ""mec_exhaustive"": true}"
20260819T065858Z,oracle+meek,none,0,295485567,1,1,2.9872,4,1,8,2.07944,1,3,3,0.0,1.0,1.55958,1.55958,0.0,3,3,0,"{""rule"": ""max_true_gain"", ""gain"": 3}"
20260819T065858Z,oracle+meek,none,0,295485567,2,2,8.2936,1,1,2,0.69315,1,1,1,0.0,1.0,0.69315,0.69315,0.0,0,0,0,"{""rule"": ""max_true_gain"", ""gain"": 1}"
20260819T065858Z,oracle+meek,none,0,295485567,3,2,8.2936,1,1,2,0.69315,1,1,1,0.0,1.0,0.69315,0.69315,0.0,0,0,0,"{""rule"": ""max_true_gain"", ""gain"": 1}"
20260819T065858Z,random+meek,none,0,325160078,1,3,3.033,1,0,2,0.69315,1,1,1,0.0,1.0,0.69315,0.69315,0.0,1,1,0,"{""rule"": ""uniform_over_open_targets""}"
20260819T065858Z,maxdeg+meek,none,0,325160078,1,2,4.9845,1,0,2,0.69315,1,1,1,0.0,1.0,0.69315,0.69315,0.0,1,1,0,"{""rule"": ""max_undirected_degree"", ""degree"": 1}"
20260819T065858Z,eig+meek,none,0,325160078,1,2,4.9845,1,0,2,0.69315,1,1,1,0.0,1.0,0.69315,0.69315,0.0,1,1,0,"{""rule"": ""max_expected_information_gain"", ""eig_nats"": 0.69315, ""mec_size"": 2, ""mec_entropy_nats"": 0.69315, ""mec_exhaustive"": true}"
20260819T065858Z,oracle+meek,none,0,325160078,1,2,4.9845,1,0,2,0.69315,1,1,1,0.0,1.0,0.69315,0.69315,0.0,1,1,0,"{""rule"": ""max_true_gain"", ""gain"": 1}"
20260819T065858Z,random+meek,none,0,1719885688,1,1,3.1042,4,1,8,2.07944,1,3,3,0.0,1.0,1.55958,1.55958,0.0,3,3,0,"{""rule"": ""uniform_over_open_targets""}"
20260819T065858Z,random+meek,none,0,1719885688,2,3,9.8483,1,1,2,0.69315,1,1,1,0.0,1.0,0.69315,0.69315,0.0,0,0,0,"{""rule"": ""uniform_over_open_targets""}"
20260819T065858Z,random+meek,none,0,1719885688,3,3,9.8483,1,0,2,0.69315,1,1,1,0.0,1.0,0.69315,0.69315,0.0,1,1,0,"{""rule"": ""uniform_over_open_targets""}"
20260819T065858Z,maxdeg+meek,none,0,1719885688,1,1,3.1042,4,1,8,2.07944,1,3,3,0.0,1.0,1.55958,1.55958,0.0,3,3,0,"{""rule"": ""max_undirected_degree"", ""degree"": 3}"
20260819T065858Z,maxdeg+meek,none,0,1719885688,2,0,4.0968,1,0,2,0.69315,1,1,1,0.0,1.0,0.69315,0.69315,0.0,1,1,0,"{""rule"": ""max_undirected_degree"", ""degree"": 1}"
20260819T065858Z,eig+meek,none,0,1719885688,1,1,3.1042,4,1,8,2.07944,1,3,3,0.0,1.0,1.55958,1.55958,0.0,3,3,0,"{""rule"": ""max_expected_information_gain"", ""eig_nats"": 1.55958, ""mec_size"": 8, ""mec_entropy_nats"": 2.07944, ""mec_exhaustive"": true}"
20260819T065858Z,eig+meek,none,0,1719885688,2,0,4.0968,1,0,2,0.69315,1,1,1,0.0,1.0,0.69315,0.69315,0.0,1,1,0,"{""rule"": ""max_expected_information_gain"", ""eig_nats"": 0.69315, ""mec_size"": 2, ""mec_entropy_nats"": 0.69315, ""mec_exhaustive"": true}"
20260819T065858Z,oracle+meek,none,0,1719885688,1,0,4.0968,4,3,8,2.07944,1,3,3,0.0,1.0,1.32089,1.55958,0.23869,1,1,0,"{""rule"": ""max_true_gain"", ""gain"": 3}"
20260819T065858Z,oracle+meek,none,0,1719885688,2,1,3.1042,3,0,4,1.38629,1,3,3,0.0,1.0,1.38629,1.38629,0.0,3,3,0,"{""rule"": ""max_true_gain"", ""gain"": 3}"
20260819T065858Z,random+meek,none,0,239607114,1,0,12.7007,1,1,2,0.69315,1,1,1,0.0,1.0,0.69315,0.69315,0.0,0,0,0,"{""rule"": ""uniform_over_open_targets""}"
20260819T065858Z,random+meek,none,0,239607114,2,0,12.7007,1,0,2,0.69315,1,1,1,0.0,1.0,0.69315,0.69315,0.0,1,1,0,"{""rule"": ""uniform_over_open_targets""}"
20260819T065858Z,maxdeg+meek,none,0,239607114,1,0,12.7007,1,1,2,0.69315,1,1,1,0.0,1.0,0.69315,0.69315,0.0,0,0,0,"{""rule"": ""max_undirected_degree"", ""degree"": 1}"
20260819T065858Z,maxdeg+meek,none,0,239607114,2,0,12.7007,1,0,2,0.69315,1,1,1,0.0,1.0,0.69315,0.69315,0.0,1,1,0,"{""rule"": ""max_undirected_degree"", ""degree"": 1}"
20260819T065858Z,eig+meek,none,0,239607114,1,0,12.7007,1,1,2,0.69315,1,1,1,0.0,1.0,0.69315,0.69315,0.0,0,0,0,"{""rule"": ""max_expected_information_gain"", ""eig_nats"": 0.69315, ""mec_size"": 2, ""mec_entropy_nats"": 0.69315, ""mec_exhaustive"": true}"
20260819T065858Z,eig+meek,none,0,239607114,2,0,12.7007,1,0,2,0.69315,1,1,1,0.0,1.0,0.69315,0.69315,0.0,1,1,0,"{""rule"": ""max_expected_information_gain"", ""eig_nats"": 0.69315, ""mec_size"": 2, ""mec_entropy_nats"": 0.69315, ""mec_exhaustive"": true}"
20260819T065858Z,oracle+meek,none,0,239607114,1,0,12.7007,1,1,2,0.69315,1,1,1,0.0,1.0,0.69315,0.69315,0.0,0,0,0,"{""rule"": ""max_true_gain"", ""gain"": 1}"
20260819T065858Z,oracle+meek,none,0,239607114,2,0,12.7007,1,0,2,0.69315,1,1,1,0.0,1.0,0.69315,0.69315,0.0,1,1,0,"{""rule"": ""max_true_gain"", ""gain"": 1}"
20260819T065858Z,random+meek,none,0,1279549348,1,2,2.738,4,1,8,2.07944,1,3,4,1.0,0.75,1.32089,1.55958,0.23869,3,3,0,"{""rule"": ""uniform_over_open_targets""}"
20260819T065858Z,random+meek,none,0,1279549348,2,1,3.8538,1,0,2,0.69315,1,1,1,0.0,1.0,0.69315,0.69315,0.0,1,1,0,"{""rule"": ""uniform_over_open_targets""}"
20260819T065858Z,maxdeg+meek,none,0,1279549348,1,1,3.8538,4,2,8,2.07944,1,4,4,0.0,1.0,1.55958,1.55958,0.0,2,2,0,"{""rule"": ""max_undirected_degree"", ""degree"": 3}"
20260819T065858Z,maxdeg+meek,none,0,1279549348,2,2,2.738,2,0,3,1.09861,1,2,2,0.0,1.0,1.09861,1.09861,0.0,2,2,0,"{""rule"": ""max_undirected_degree"", ""degree"": 2}"
20260819T065858Z,eig+meek,none,0,1279549348,1,1,3.8538,4,2,8,2.07944,1,4,4,0.0,1.0,1.55958,1.55958,0.0,2,2,0,"{""rule"": ""max_expected_information_gain"", ""eig_nats"": 1.55958, ""mec_size"": 8, ""mec_entropy_nats"": 2.07944, ""mec_exhaustive"": true}"
20260819T065858Z,eig+meek,none,0,1279549348,2,2,2.738,2,0,3,1.09861,1,2,2,0.0,1.0,1.09861,1.09861,0.0,2,2,0,"{""rule"": ""max_expected_information_gain"", ""eig_nats"": 1.09861, ""mec_size"": 3, ""mec_entropy_nats"": 1.09861, ""mec_exhaustive"": true}"
20260819T065858Z,oracle+meek,none,0,1279549348,1,1,3.8538,4,2,8,2.07944,1,4,4,0.0,1.0,1.55958,1.55958,0.0,2,2,0,"{""rule"": ""max_true_gain"", ""gain"": 4}"
20260819T065858Z,oracle+meek,none,0,1279549348,2,1,3.8538,2,1,3,1.09861,1,2,2,0.0,1.0,0.63651,1.09861,0.4621,1,0,1,"{""rule"": ""max_true_gain"", ""gain"": 2}"
20260819T065858Z,random+meek,none,0,1943031107,1,1,7.7998,3,1,4,1.38629,1,2,3,1.0,0.66667,1.03972,1.03972,0.0,2,1,1,"{""rule"": ""uniform_over_open_targets""}"
20260819T065858Z,random+meek,none,0,1943031107,2,1,7.7998,1,1,2,0.69315,1,1,1,0.0,1.0,0.69315,0.69315,0.0,0,0,0,"{""rule"": ""uniform_over_open_targets""}"
20260819T065858Z,random+meek,none,0,1943031107,3,0,4.6388,1,0,2,0.69315,1,1,1,0.0,1.0,0.69315,0.69315,0.0,1,1,0,"{""rule"": ""uniform_over_open_targets""}"
20260819T065858Z,maxdeg+meek,none,0,1943031107,1,1,7.7998,3,1,4,1.38629,1,2,3,1.0,0.66667,1.03972,1.03972,0.0,2,1,1,"{""rule"": ""max_undirected_degree"", ""degree"": 2}"
20260819T065858Z,maxdeg+meek,none,0,1943031107,2,0,4.6388,1,0,2,0.69315,1,1,1,0.0,1.0,0.69315,0.69315,0.0,1,1,0,"{""rule"": ""max_undirected_degree"", ""degree"": 1}"
20260819T065858Z,eig+meek,none,0,1943031107,1,1,7.7998,3,1,4,1.38629,1,2,3,1.0,0.66667,1.03972,1.03972,0.0,2,1,1,"{""rule"": ""max_expected_information_gain"", ""eig_nats"": 1.03972, ""mec_size"": 4, ""mec_entropy_nats"": 1.38629, ""mec_exhaustive"": true}"
20260819T065858Z,eig+meek,none,0,1943031107,2,0,4.6388,1,0,2,0.69315,1,1,1,0.0,1.0,0.69315,0.69315,0.0,1,1,0,"{""rule"": ""max_expected_information_gain"", ""eig_nats"": 0.69315, ""mec_size"": 2, ""mec_entropy_nats"": 0.69315, ""mec_exhaustive"": true}"
20260819T065858Z,oracle+meek,none,0,1943031107,1,0,4.6388,3,0,4,1.38629,1,3,3,0.0,1.0,0.56234,1.03972,0.47739,3,2,1,"{""rule"": ""max_true_gain"", ""gain"": 3}"
20260819T065858Z,random+meek,none,0,1580201974,1,0,10.1517,3,2,4,1.38629,1,2,3,1.0,0.66667,1.03972,1.03972,0.0,1,0,1,"{""rule"": ""uniform_over_open_targets""}"
20260819T065858Z,random+meek,none,0,1580201974,2,3,5.0961,2,0,3,1.09861,1,2,2,0.0,1.0,1.09861,1.09861,0.0,2,2,0,"{""rule"": ""uniform_over_open_targets""}"
20260819T065858Z,maxdeg+meek,none,0,1580201974,1,0,10.1517,3,2,4,1.38629,1,2,3,1.0,0.66667,1.03972,1.03972,0.0,1,0,1,"{""rule"": ""max_undirected_degree"", ""degree"": 2}"
20260819T065858Z,maxdeg+meek,none,0,1580201974,2,3,5.0961,2,0,3,1.09861,1,2,2,0.0,1.0,1.09861,1.09861,0.0,2,2,0,"{""rule"": ""max_undirected_degree"", ""degree"": 2}"
20260819T065858Z,eig+meek,none,0,1580201974,1,0,10.1517,3,2,4,1.38629,1,2,3,1.0,0.66667,1.03972,1.03972,0.0,1,0,1,"{""rule"": ""max_expected_information_gain"", ""eig_nats"": 1.03972, ""mec_size"": 4, ""mec_entropy_nats"": 1.38629, ""mec_exhaustive"": true}"
20260819T065858Z,eig+meek,none,0,1580201974,2,3,5.0961,2,0,3,1.09861,1,2,2,0.0,1.0,1.09861,1.09861,0.0,2,2,0,"{""rule"": ""max_expected_information_gain"", ""eig_nats"": 1.09861, ""mec_size"": 3, ""mec_entropy_nats"": 1.09861, ""mec_exhaustive"": true}"
20260819T065858Z,oracle+meek,none,0,1580201974,1,2,2.9136,3,0,4,1.38629,1,3,3,0.0,1.0,0.56234,1.03972,0.47739,3,2,1,"{""rule"": ""max_true_gain"", ""gain"": 3}"
20260819T065858Z,random+meek,none,0,1078156455,1,2,3.1288,3,0,4,1.38629,1,3,3,0.0,1.0,0.56234,1.03972,0.47739,3,2,1,"{""rule"": ""uniform_over_open_targets""}"
20260819T065858Z,maxdeg+meek,none,0,1078156455,1,1,10.4743,3,1,4,1.38629,1,2,3,1.0,0.66667,1.03972,1.03972,0.0,2,1,1,"{""rule"": ""max_undirected_degree"", ""degree"": 2}"
20260819T065858Z,maxdeg+meek,none,0,1078156455,2,0,4.9295,1,0,2,0.69315,1,1,1,0.0,1.0,0.69315,0.69315,0.0,1,1,0,"{""rule"": ""max_undirected_degree"", ""degree"": 1}"
20260819T065858Z,eig+meek,none,0,1078156455,1,1,10.4743,3,1,4,1.38629,1,2,3,1.0,0.66667,1.03972,1.03972,0.0,2,1,1,"{""rule"": ""max_expected_information_gain"", ""eig_nats"": 1.03972, ""mec_size"": 4, ""mec_entropy_nats"": 1.38629, ""mec_exhaustive"": true}"
20260819T065858Z,eig+meek,none,0,1078156455,2,0,4.9295,1,0,2,0.69315,1,1,1,0.0,1.0,0.69315,0.69315,0.0,1,1,0,"{""rule"": ""max_expected_information_gain"", ""eig_nats"": 0.69315, ""mec_size"": 2, ""mec_entropy_nats"": 0.69315, ""mec_exhaustive"": true}"
20260819T065858Z,oracle+meek,none,0,1078156455,1,2,3.1288,3,0,4,1.38629,1,3,3,0.0,1.0,0.56234,1.03972,0.47739,3,2,1,"{""rule"": ""max_true_gain"", ""gain"": 3}"
20260819T065858Z,random+meek,none,0,1158667886,1,1,6.3039,3,0,4,1.38629,1,3,3,0.0,1.0,1.38629,1.38629,0.0,3,3,0,"{""rule"": ""uniform_over_open_targets""}"
20260819T065858Z,maxdeg+meek,none,0,1158667886,1,1,6.3039,3,0,4,1.38629,1,3,3,0.0,1.0,1.38629,1.38629,0.0,3,3,0,"{""rule"": ""max_undirected_degree"", ""degree"": 3}"
20260819T065858Z,eig+meek,none,0,1158667886,1,1,6.3039,3,0,4,1.38629,1,3,3,0.0,1.0,1.38629,1.38629,0.0,3,3,0,"{""rule"": ""max_expected_information_gain"", ""eig_nats"": 1.38629, ""mec_size"": 4, ""mec_entropy_nats"": 1.38629, ""mec_exhaustive"": true}"
20260819T065858Z,oracle+meek,none,0,1158667886,1,0,3.5394,3,0,4,1.38629,1,3,3,0.0,1.0,0.56234,1.38629,0.82396,3,2,1,"{""rule"": ""max_true_gain"", ""gain"": 3}"
20260819T065858Z,random+meek,none,1,1470120545,1,4,6.6872,3,3,6,1.79176,1,1,2,1.0,0.5,0.63651,1.09861,0.4621,0,0,0,"{""rule"": ""uniform_over_open_targets""}"
20260819T065858Z,random+meek,none,1,1470120545,2,5,3.2031,3,1,6,1.79176,1,2,2,0.0,1.0,1.09861,1.09861,0.0,2,2,0,"{""rule"": ""uniform_over_open_targets""}"
20260819T065858Z,random+meek,none,1,1470120545,3,2,2.8495,1,0,2,0.69315,1,1,1,0.0,1.0,0.69315,0.69315,0.0,1,1,0,"{""rule"": ""uniform_over_open_targets""}"
20260819T065858Z,maxdeg+meek,none,1,1470120545,1,5,3.2031,3,1,6,1.79176,1,2,2,0.0,1.0,1.09861,1.09861,0.0,2,2,0,"{""rule"": ""max_undirected_degree"", ""degree"": 2}"
20260819T065858Z,maxdeg+meek,none,1,1470120545,2,2,2.8495,1,0,2,0.69315,1,1,1,0.0,1.0,0.69315,0.69315,0.0,1,1,0,"{""rule"": ""max_undirected_degree"", ""degree"": 1}"
20260819T065858Z,eig+meek,none,1,1470120545,1,5,3.2031,3,1,6,1.79176,1,2,2,0.0,1.0,1.09861,1.09861,0.0,2,2,0,"{""rule"": ""max_expected_information_gain"", ""eig_nats"": 1.09861, ""mec_size"": 6, ""mec_entropy_nats"": 1.79176, ""mec_exhaustive"": true}"
20260819T065858Z,eig+meek,none,1,1470120545,2,2,2.8495,1,0,2,0.69315,1,1,1,0.0,1.0,0.69315,0.69315,0.0,1,1,0,"{""rule"": ""max_expected_information_gain"", ""eig_nats"": 0.69315, ""mec_size"": 2, ""mec_entropy_nats"": 0.69315, ""mec_exhaustive"": true}"
20260819T065858Z,oracle+meek,none,1,1470120545,1,5,3.2031,3,1,6,1.79176,1,2,2,0.0,1.0,1.09861,1.09861,0.0,2,2,0,"{""rule"": ""max_true_gain"", ""gain"": 2}"
20260819T065858Z,oracle+meek,none,1,1470120545,2,2,2.8495,1,0,2,0.69315,1,1,1,0.0,1.0,0.69315,0.69315,0.0,1,1,0,"{""rule"": ""max_true_gain"", ""gain"": 1}"
20260819T065858Z,random+meek,none,1,1004126917,1,4,3.8866,2,0,3,1.09861,1,2,2,0.0,1.0,1.09861,1.09861,0.0,2,2,0,"{""rule"": ""uniform_over_open_targets""}"
20260819T065858Z,maxdeg+meek,none,1,1004126917,1,4,3.8866,2,0,3,1.09861,1,2,2,0.0,1.0,1.09861,1.09861,0.0,2,2,0,"{""rule"": ""max_undirected_degree"", ""degree"": 2}"
20260819T065858Z,eig+meek,none,1,1004126917,1,4,3.8866,2,0,3,1.09861,1,2,2,0.0,1.0,1.09861,1.09861,0.0,2,2,0,"{""rule"": ""max_expected_information_gain"", ""eig_nats"": 1.09861, ""mec_size"": 3, ""mec_entropy_nats"": 1.09861, ""mec_exhaustive"": true}"
20260819T065858Z,oracle+meek,none,1,1004126917,1,4,3.8866,2,0,3,1.09861,1,2,2,0.0,1.0,1.09861,1.09861,0.0,2,2,0,"{""rule"": ""max_true_gain"", ""gain"": 2}"
20260819T065858Z,random+meek,none,1,1343008841,1,5,2.9731,2,0,3,1.09861,1,2,2,0.0,1.0,0.63651,1.09861,0.4621,2,1,1,"{""rule"": ""uniform_over_open_targets""}"
20260819T065858Z,maxdeg+meek,none,1,1343008841,1,0,5.3271,2,0,3,1.09861,1,2,2,0.0,1.0,1.09861,1.09861,0.0,2,0,2,"{""rule"": ""max_undirected_degree"", ""degree"": 2}"
20260819T065858Z,eig+meek,none,1,1343008841,1,0,5.3271,2,0,3,1.09861,1,2,2,0.0,1.0,1.09861,1.09861,0.0,2,0,2,"{""rule"": ""max_expected_information_gain"", ""eig_nats"": 1.09861, ""mec_size"": 3, ""mec_entropy_nats"": 1.09861, ""mec_exhaustive"": true}"
20260819T065858Z,oracle+meek,none,1,1343008841,1,0,5.3271,2,0,3,1.09861,1,2,2,0.0,1.0,1.09861,1.09861,0.0,2,0,2,"{""rule"": ""max_true_gain"", ""gain"": 2}"
20260819T065858Z,random+meek,none,1,848528041,1,1,5.6769,2,1,4,1.38629,1,1,1,0.0,1.0,0.69315,0.69315,0.0,1,1,0,"{""rule"": ""uniform_over_open_targets""}"
20260819T065858Z,random+meek,none,1,848528041,2,5,3.1771,1,0,2,0.69315,1,1,1,0.0,1.0,0.69315,0.69315,0.0,1,1,0,"{""rule"": ""uniform_over_open_targets""}"
20260819T065858Z,maxdeg+meek,none,1,848528041,1,1,5.6769,2,1,4,1.38629,1,1,1,0.0,1.0,0.69315,0.69315,0.0,1,1,0,"{""rule"": ""max_undirected_degree"", ""degree"": 1}"
20260819T065858Z,maxdeg+meek,none,1,848528041,2,4,3.3591,1,0,2,0.69315,1,1,1,0.0,1.0,0.69315,0.69315,0.0,1,0,1,"{""rule"": ""max_undirected_degree"", ""degree"": 1}"
20260819T065858Z,eig+meek,none,1,848528041,1,1,5.6769,2,1,4,1.38629,1,1,1,0.0,1.0,0.69315,0.69315,0.0,1,1,0,"{""rule"": ""max_expected_information_gain"", ""eig_nats"": 0.69315, ""mec_size"": 4, ""mec_entropy_nats"": 1.38629, ""mec_exhaustive"": true}"
20260819T065858Z,eig+meek,none,1,848528041,2,4,3.3591,1,0,2,0.69315,1,1,1,0.0,1.0,0.69315,0.69315,0.0,1,0,1,"{""rule"": ""max_expected_information_gain"", ""eig_nats"": 0.69315, ""mec_size"": 2, ""mec_entropy_nats"": 0.69315, ""mec_exhaustive"": true}"
20260819T065858Z,oracle+meek,none,1,848528041,1,1,5.6769,2,1,4,1.38629,1,1,1,0.0,1.0,0.69315,0.69315,0.0,1,1,0,"{""rule"": ""max_true_gain"", ""gain"": 1}"
20260819T065858Z,oracle+meek,none,1,848528041,2,4,3.3591,1,0,2,0.69315,1,1,1,0.0,1.0,0.69315,0.69315,0.0,1,0,1,"{""rule"": ""max_true_gain"", ""gain"": 1}"
20260819T065858Z,random+meek,none,1,433882786,1,3,3.0007,2,1,4,1.38629,1,1,1,0.0,1.0,0.69315,0.69315,0.0,1,1,0,"{""rule"": ""uniform_over_open_targets""}"
20260819T065858Z,random+meek,none,1,433882786,2,1,3.0714,1,0,2,0.69315,1,1,1,0.0,1.0,0.69315,0.69315,0.0,1,1,0,"{""rule"": ""uniform_over_open_targets""}"
20260819T065858Z,maxdeg+meek,none,1,433882786,1,1,3.0714,2,1,4,1.38629,1,1,1,0.0,1.0,0.69315,0.69315,0.0,1,0,1,"{""rule"": ""max_undirected_degree"", ""degree"": 1}"
20260819T065858Z,maxdeg+meek,none,1,433882786,2,2,6.194,1,1,2,0.69315,1,1,1,0.0,1.0,0.69315,0.69315,0.0,0,0,0,"{""rule"": ""max_undirected_degree"", ""degree"": 1}"
20260819T065858Z,maxdeg+meek,none,1,433882786,3,2,6.194,1,0,2,0.69315,1,1,1,0.0,1.0,0.69315,0.69315,0.0,1,1,0,"{""rule"": ""max_undirected_degree"", ""degree"": 1}"
20260819T065858Z,eig+meek,none,1,433882786,1,1,3.0714,2,1,4,1.38629,1,1,1,0.0,1.0,0.69315,0.69315,0.0,1,0,1,"{""rule"": ""max_expected_information_gain"", ""eig_nats"": 0.69315, ""mec_size"": 4, ""mec_entropy_nats"": 1.38629, ""mec_exhaustive"": true}"
20260819T065858Z,eig+meek,none,1,433882786,2,2,6.194,1,1,2,0.69315,1,1,1,0.0,1.0,0.69315,0.69315,0.0,0,0,0,"{""rule"": ""max_expected_information_gain"", ""eig_nats"": 0.69315, ""mec_size"": 2, ""mec_entropy_nats"": 0.69315, ""mec_exhaustive"": true}"
20260819T065858Z,eig+meek,none,1,433882786,3,2,6.194,1,0,2,0.69315,1,1,1,0.0,1.0,0.69315,0.69315,0.0,1,1,0,"{""rule"": ""max_expected_information_gain"", ""eig_nats"": 0.69315, ""mec_size"": 2, ""mec_entropy_nats"": 0.69315, ""mec_exhaustive"": true}"
20260819T065858Z,oracle+meek,none,1,433882786,1,1,3.0714,2,1,4,1.38629,1,1,1,0.0,1.0,0.69315,0.69315,0.0,1,0,1,"{""rule"": ""max_true_gain"", ""gain"": 1}"
20260819T065858Z,oracle+meek,none,1,433882786,2,2,6.194,1,1,2,0.69315,1,1,1,0.0,1.0,0.69315,0.69315,0.0,0,0,0,"{""rule"": ""max_true_gain"", ""gain"": 1}"
20260819T065858Z,oracle+meek,none,1,433882786,3,2,6.194,1,0,2,0.69315,1,1,1,0.0,1.0,0.69315,0.69315,0.0,1,1,0,"{""rule"": ""max_true_gain"", ""gain"": 1}"
20260819T065858Z,random+meek,none,1,920829464,1,3,3.0893,2,0,3,1.09861,1,2,2,0.0,1.0,0.63651,1.09861,0.4621,2,2,0,"{""rule"": ""uniform_over_open_targets""}"
20260819T065858Z,maxdeg+meek,none,1,920829464,1,4,5.4018,2,0,3,1.09861,1,2,2,0.0,1.0,1.09861,1.09861,0.0,2,2,0,"{""rule"": ""max_undirected_degree"", ""degree"": 2}"
20260819T065858Z,eig+meek,none,1,920829464,1,4,5.4018,2,0,3,1.09861,1,2,2,0.0,1.0,1.09861,1.09861,0.0,2,2,0,"{""rule"": ""max_expected_information_gain"", ""eig_nats"": 1.09861, ""mec_size"": 3, ""mec_entropy_nats"": 1.09861, ""mec_exhaustive"": true}"
20260819T065858Z,oracle+meek,none,1,920829464,1,3,3.0893,2,0,3,1.09861,1,2,2,0.0,1.0,0.63651,1.09861,0.4621,2,2,0,"{""rule"": ""max_true_gain"", ""gain"": 2}"
20260819T065858Z,random+meek,none,1,424836758,1,2,3.2643,4,0,5,1.60944,1,4,4,0.0,1.0,0.95027,1.05492,0.10465,4,4,0,"{""rule"": ""uniform_over_open_targets""}"
20260819T065858Z,maxdeg+meek,none,1,424836758,1,0,11.7254,4,3,5,1.60944,1,2,4,2.0,0.5,0.95027,1.05492,0.10465,1,1,0,"{""rule"": ""max_undirected_degree"", ""degree"": 2}"
20260819T065858Z,maxdeg+meek,none,1,424836758,2,2,3.2643,3,0,4,1.38629,1,3,3,0.0,1.0,1.03972,1.03972,0.0,3,3,0,"{""rule"": ""max_undirected_degree"", ""degree"": 2}"
20260819T065858Z,eig+meek,none,1,424836758,1,3,6.1926,4,2,5,1.60944,1,3,4,1.0,0.75,1.05492,1.05492,0.0,2,2,0,"{""rule"": ""max_expected_information_gain"", ""eig_nats"": 1.05492, ""mec_size"": 5, ""mec_entropy_nats"": 1.60944, ""mec_exhaustive"": true}"
20260819T065858Z,eig+meek,none,1,424836758,2,2,3.2643,2,0,3,1.09861,1,2,2,0.0,1.0,1.09861,1.09861,0.0,2,2,0,"{""rule"": ""max_expected_information_gain"", ""eig_nats"": 1.09861, ""mec_size"": 3, ""mec_entropy_nats"": 1.09861, ""mec_exhaustive"": true}"
20260819T065858Z,oracle+meek,none,1,424836758,1,2,3.2643,4,0,5,1.60944,1,4,4,0.0,1.0,0.95027,1.05492,0.10465,4,4,0,"{""rule"": ""max_true_gain"", ""gain"": 4}"
20260819T065858Z,random+meek,none,1,1036482875,1,0,10.8191,4,1,8,2.07944,1,2,3,1.0,0.66667,1.32089,1.55958,0.23869,3,1,2,"{""rule"": ""uniform_over_open_targets""}"
20260819T065858Z,random+meek,none,1,1036482875,2,1,3.012,1,0,2,0.69315,1,1,1,0.0,1.0,0.69315,0.69315,0.0,1,1,0,"{""rule"": ""uniform_over_open_targets""}"
20260819T065858Z,maxdeg+meek,none,1,1036482875,1,1,3.012,4,1,8,2.07944,1,3,3,0.0,1.0,1.55958,1.55958,0.0,3,3,0,"{""rule"": ""max_undirected_degree"", ""degree"": 3}"
20260819T065858Z,maxdeg+meek,none,1,1036482875,2,0,10.8191,1,1,2,0.69315,1,1,1,0.0,1.0,0.69315,0.69315,0.0,0,0,0,"{""rule"": ""max_undirected_degree"", ""degree"": 1}"
20260819T065858Z,maxdeg+meek,none,1,1036482875,3,0,10.8191,1,0,2,0.69315,1,1,1,0.0,1.0,0.69315,0.69315,0.0,1,0,1,"{""rule"": ""max_undirected_degree"", ""degree"": 1}"
20260819T065858Z,eig+meek,none,1,1036482875,1,1,3.012,4,1,8,2.07944,1,3,3,0.0,1.0,1.55958,1.55958,0.0,3,3,0,"{""rule"": ""max_expected_information_gain"", ""eig_nats"": 1.55958, ""mec_size"": 8, ""mec_entropy_nats"": 2.07944, ""mec_exhaustive"": true}"
20260819T065858Z,eig+meek,none,1,1036482875,2,0,10.8191,1,1,2,0.69315,1,1,1,0.0,1.0,0.69315,0.69315,0.0,0,0,0,"{""rule"": ""max_expected_information_gain"", ""eig_nats"": 0.69315, ""mec_size"": 2, ""mec_entropy_nats"": 0.69315, ""mec_exhaustive"": true}"
20260819T065858Z,eig+meek,none,1,1036482875,3,0,10.8191,1,0,2,0.69315,1,1,1,0.0,1.0,0.69315,0.69315,0.0,1,0,1,"{""rule"": ""max_expected_information_gain"", ""eig_nats"": 0.69315, ""mec_size"": 2, ""mec_entropy_nats"": 0.69315, ""mec_exhaustive"": true}"
20260819T065858Z,oracle+meek,none,1,1036482875,1,1,3.012,4,1,8,2.07944,1,3,3,0.0,1.0,1.55958,1.55958,0.0,3,3,0,"{""rule"": ""max_true_gain"", ""gain"": 3}"
20260819T065858Z,oracle+meek,none,1,1036482875,2,0,10.8191,1,1,2,0.69315,1,1,1,0.0,1.0,0.69315,0.69315,0.0,0,0,0,"{""rule"": ""max_true_gain"", ""gain"": 1}"
20260819T065858Z,oracle+meek,none,1,1036482875,3,0,10.8191,1,0,2,0.69315,1,1,1,0.0,1.0,0.69315,0.69315,0.0,1,0,1,"{""rule"": ""max_true_gain"", ""gain"": 1}"
20260819T065858Z,random+meek,none,1,674912463,1,1,4.688,3,1,6,1.79176,1,2,2,0.0,1.0,1.09861,1.09861,0.0,2,2,0,"{""rule"": ""uniform_over_open_targets""}"
20260819T065858Z,random+meek,none,1,674912463,2,5,3.3649,1,0,2,0.69315,1,1,1,0.0,1.0,0.69315,0.69315,0.0,1,1,0,"{""rule"": ""uniform_over_open_targets""}"
20260819T065858Z,maxdeg+meek,none,1,674912463,1,1,4.688,3,1,6,1.79176,1,2,2,0.0,1.0,1.09861,1.09861,0.0,2,2,0,"{""rule"": ""max_undirected_degree"", ""degree"": 2}"
20260819T065858Z,maxdeg+meek,none,1,674912463,2,0,3.0206,1,0,2,0.69315,1,1,1,0.0,1.0,0.69315,0.69315,0.0,1,1,0,"{""rule"": ""max_undirected_degree"", ""degree"": 1}"
20260819T065858Z,eig+meek,none,1,674912463,1,1,4.688,3,1,6,1.79176,1,2,2,0.0,1.0,1.09861,1.09861,0.0,2,2,0,"{""rule"": ""max_expected_information_gain"", ""eig_nats"": 1.09861, ""mec_size"": 6, ""mec_entropy_nats"": 1.79176, ""mec_exhaustive"": true}"
20260819T065858Z,eig+meek,none,1,674912463,2,0,3.0206,1,0,2,0.69315,1,1,1,0.0,1.0,0.69315,0.69315,0.0,1,1,0,"{""rule"": ""max_expected_information_gain"", ""eig_nats"": 0.69315, ""mec_size"": 2, ""mec_entropy_nats"": 0.69315, ""mec_exhaustive"": true}"
20260819T065858Z,oracle+meek,none,1,674912463,1,1,4.688,3,1,6,1.79176,1,2,2,0.0,1.0,1.09861,1.09861,0.0,2,2,0,"{""rule"": ""max_true_gain"", ""gain"": 2}"
20260819T065858Z,oracle+meek,none,1,674912463,2,0,3.0206,1,0,2,0.69315,1,1,1,0.0,1.0,0.69315,0.69315,0.0,1,1,0,"{""rule"": ""max_true_gain"", ""gain"": 1}"
20260819T065858Z,random+meek,none,1,1761685205,1,4,2.88,2,1,4,1.38629,1,1,1,0.0,1.0,0.69315,0.69315,0.0,1,1,0,"{""rule"": ""uniform_over_open_targets""}"
20260819T065858Z,random+meek,none,1,1761685205,2,3,5.8712,1,0,2,0.69315,1,1,1,0.0,1.0,0.69315,0.69315,0.0,1,1,0,"{""rule"": ""uniform_over_open_targets""}"
20260819T065858Z,maxdeg+meek,none,1,1761685205,1,1,2.6778,2,1,4,1.38629,1,1,1,0.0,1.0,0.69315,0.69315,0.0,1,1,0,"{""rule"": ""max_undirected_degree"", ""degree"": 1}"
20260819T065858Z,maxdeg+meek,none,1,1761685205,2,2,3.5877,1,0,2,0.69315,1,1,1,0.0,1.0,0.69315,0.69315,0.0,1,1,0,"{""rule"": ""max_undirected_degree"", ""degree"": 1}"
20260819T065858Z,eig+meek,none,1,1761685205,1,1,2.6778,2,1,4,1.38629,1,1,1,0.0,1.0,0.69315,0.69315,0.0,1,1,0,"{""rule"": ""max_expected_information_gain"", ""eig_nats"": 0.69315, ""mec_size"": 4, ""mec_entropy_nats"": 1.38629, ""mec_exhaustive"": true}"
20260819T065858Z,eig+meek,none,1,1761685205,2,2,3.5877,1,0,2,0.69315,1,1,1,0.0,1.0,0.69315,0.69315,0.0,1,1,0,"{""rule"": ""max_expected_information_gain"", ""eig_nats"": 0.69315, ""mec_size"": 2, ""mec_entropy_nats"": 0.69315, ""mec_exhaustive"": true}"
20260819T065858Z,oracle+meek,none,1,1761685205,1,1,2.6778,2,1,4,1.38629,1,1,1,0.0,1.0,0.69315,0.69315,0.0,1,1,0,"{""rule"": ""max_true_gain"", ""gain"": 1}"
20260819T065858Z,oracle+meek,none,1,1761685205,2,2,3.5877,1,0,2,0.69315,1,1,1,0.0,1.0,0.69315,0.69315,0.0,1,1,0,"{""rule"": ""max_true_gain"", ""gain"": 1}"
20260819T065858Z,random+meek,none,2,1170454109,1,6,4.1139,2,1,4,1.38629,1,1,1,0.0,1.0,0.69315,0.69315,0.0,1,0,1,"{""rule"": ""uniform_over_open_targets""}"
20260819T065858Z,random+meek,none,2,1170454109,2,3,3.046,1,0,2,0.69315,1,1,1,0.0,1.0,0.69315,0.69315,0.0,1,1,0,"{""rule"": ""uniform_over_open_targets""}"
20260819T065858Z,maxdeg+meek,none,2,1170454109,1,2,2.8681,2,1,4,1.38629,1,1,1,0.0,1.0,0.69315,0.69315,0.0,1,1,0,"{""rule"": ""max_undirected_degree"", ""degree"": 1}"
20260819T065858Z,maxdeg+meek,none,2,1170454109,2,3,3.046,1,0,2,0.69315,1,1,1,0.0,1.0,0.69315,0.69315,0.0,1,1,0,"{""rule"": ""max_undirected_degree"", ""degree"": 1}"
20260819T065858Z,eig+meek,none,2,1170454109,1,2,2.8681,2,1,4,1.38629,1,1,1,0.0,1.0,0.69315,0.69315,0.0,1,1,0,"{""rule"": ""max_expected_information_gain"", ""eig_nats"": 0.69315, ""mec_size"": 4, ""mec_entropy_nats"": 1.38629, ""mec_exhaustive"": true}"
20260819T065858Z,eig+meek,none,2,1170454109,2,3,3.046,1,0,2,0.69315,1,1,1,0.0,1.0,0.69315,0.69315,0.0,1,1,0,"{""rule"": ""max_expected_information_gain"", ""eig_nats"": 0.69315, ""mec_size"": 2, ""mec_entropy_nats"": 0.69315, ""mec_exhaustive"": true}"
20260819T065858Z,oracle+meek,none,2,1170454109,1,2,2.8681,2,1,4,1.38629,1,1,1,0.0,1.0,0.69315,0.69315,0.0,1,1,0,"{""rule"": ""max_true_gain"", ""gain"": 1}"
20260819T065858Z,oracle+meek,none,2,1170454109,2,3,3.046,1,0,2,0.69315,1,1,1,0.0,1.0,0.69315,0.69315,0.0,1,1,0,"{""rule"": ""max_true_gain"", ""gain"": 1}"
20260819T065858Z,random+meek,none,2,1922145947,1,7,5.8208,5,5,10,2.30259,1,1,4,3.0,0.25,0.5004,1.33218,0.83178,0,0,0,"{""rule"": ""uniform_over_open_targets""}"
20260819T065858Z,random+meek,none,2,1922145947,2,0,4.6799,5,4,10,2.30259,1,2,4,2.0,0.5,0.95027,1.33218,0.38191,1,1,0,"{""rule"": ""uniform_over_open_targets""}"
20260819T065858Z,random+meek,none,2,1922145947,3,0,4.6799,4,3,8,2.07944,1,1,3,2.0,0.33333,0.56234,1.38629,0.82396,1,1,0,"{""rule"": ""uniform_over_open_targets""}"
20260819T065858Z,maxdeg+meek,none,2,1922145947,1,4,3.2001,5,1,10,2.30259,1,4,4,0.0,1.0,1.33218,1.33218,0.0,4,4,0,"{""rule"": ""max_undirected_degree"", ""degree"": 3}"
20260819T065858Z,maxdeg+meek,none,2,1922145947,2,2,2.8379,1,0,2,0.69315,1,1,1,0.0,1.0,0.69315,0.69315,0.0,1,1,0,"{""rule"": ""max_undirected_degree"", ""degree"": 1}"
20260819T065858Z,eig+meek,none,2,1922145947,1,4,3.2001,5,1,10,2.30259,1,4,4,0.0,1.0,1.33218,1.33218,0.0,4,4,0,"{""rule"": ""max_expected_information_gain"", ""eig_nats"": 1.33218, ""mec_size"": 10, ""mec_entropy_nats"": 2.30259, ""mec_exhaustive"": true}"
20260819T065858Z,eig+meek,none,2,1922145947,2,2,2.8379,1,0,2,0.69315,1,1,1,0.0,1.0,0.69315,0.69315,0.0,1,1,0,"{""rule"": ""max_expected_information_gain"", ""eig_nats"": 0.69315, ""mec_size"": 2, ""mec_entropy_nats"": 0.69315, ""mec_exhaustive"": true}"
20260819T065858Z,oracle+meek,none,2,1922145947,1,4,3.2001,5,1,10,2.30259,1,4,4,0.0,1.0,1.33218,1.33218,0.0,4,4,0,"{""rule"": ""max_true_gain"", ""gain"": 4}"
20260819T065858Z,oracle+meek,none,2,1922145947,2,2,2.8379,1,0,2,0.69315,1,1,1,0.0,1.0,0.69315,0.69315,0.0,1,1,0,"{""rule"": ""max_true_gain"", ""gain"": 1}"
20260819T065858Z,random+meek,none,2,490919193,1,3,2.7451,5,1,10,2.30259,1,4,4,0.0,1.0,0.5004,1.33218,0.83178,4,3,1,"{""rule"": ""uniform_over_open_targets""}"
20260819T065858Z,random+meek,none,2,490919193,2,5,2.7976,1,0,2,0.69315,1,1,1,0.0,1.0,0.69315,0.69315,0.0,1,1,0,"{""rule"": ""uniform_over_open_targets""}"
20260819T065858Z,maxdeg+meek,none,2,490919193,1,0,4.0396,5,1,10,2.30259,1,4,4,0.0,1.0,1.33218,1.33218,0.0,4,3,1,"{""rule"": ""max_undirected_degree"", ""degree"": 3}"
20260819T065858Z,maxdeg+meek,none,2,490919193,2,4,4.6252,1,0,2,0.69315,1,1,1,0.0,1.0,0.69315,0.69315,0.0,1,1,0,"{""rule"": ""max_undirected_degree"", ""degree"": 1}"
20260819T065858Z,eig+meek,none,2,490919193,1,0,4.0396,5,1,10,2.30259,1,4,4,0.0,1.0,1.33218,1.33218,0.0,4,3,1,"{""rule"": ""max_expected_information_gain"", ""eig_nats"": 1.33218, ""mec_size"": 10, ""mec_entropy_nats"": 2.30259, ""mec_exhaustive"": true}"
20260819T065858Z,eig+meek,none,2,490919193,2,4,4.6252,1,0,2,0.69315,1,1,1,0.0,1.0,0.69315,0.69315,0.0,1,1,0,"{""rule"": ""max_expected_information_gain"", ""eig_nats"": 0.69315, ""mec_size"": 2, ""mec_entropy_nats"": 0.69315, ""mec_exhaustive"": true}"
20260819T065858Z,oracle+meek,none,2,490919193,1,0,4.0396,5,1,10,2.30259,1,4,4,0.0,1.0,1.33218,1.33218,0.0,4,3,1,"{""rule"": ""max_true_gain"", ""gain"": 4}"
20260819T065858Z,oracle+meek,none,2,490919193,2,4,4.6252,1,0,2,0.69315,1,1,1,0.0,1.0,0.69315,0.69315,0.0,1,1,0,"{""rule"": ""max_true_gain"", ""gain"": 1}"
20260819T065858Z,random+meek,none,2,113229833,1,7,2.712,3,2,6,1.79176,1,1,2,1.0,0.5,0.69315,1.09861,0.40547,1,1,0,"{""rule"": ""uniform_over_open_targets""}"
20260819T065858Z,random+meek,none,2,113229833,2,2,7.0076,2,1,3,1.09861,1,1,2,1.0,0.5,0.63651,1.09861,0.4621,1,1,0,"{""rule"": ""uniform_over_open_targets""}"
20260819T065858Z,random+meek,none,2,113229833,3,6,3.2677,1,0,2,0.69315,1,1,1,0.0,1.0,0.69315,0.69315,0.0,1,1,0,"{""rule"": ""uniform_over_open_targets""}"
20260819T065858Z,maxdeg+meek,none,2,113229833,1,6,3.2677,3,1,6,1.79176,1,2,2,0.0,1.0,1.09861,1.09861,0.0,2,2,0,"{""rule"": ""max_undirected_degree"", ""degree"": 2}"
20260819T065858Z,maxdeg+meek,none,2,113229833,2,1,5.5471,1,1,2,0.69315,1,1,1,0.0,1.0,0.69315,0.69315,0.0,0,0,0,"{""rule"": ""max_undirected_degree"", ""degree"": 1}"
20260819T065858Z,maxdeg+meek,none,2,113229833,3,1,5.5471,1,0,2,0.69315,1,1,1,0.0,1.0,0.69315,0.69315,0.0,1,1,0,"{""rule"": ""max_undirected_degree"", ""degree"": 1}"
20260819T065858Z,eig+meek,none,2,113229833,1,6,3.2677,3,1,6,1.79176,1,2,2,0.0,1.0,1.09861,1.09861,0.0,2,2,0,"{""rule"": ""max_expected_information_gain"", ""eig_nats"": 1.09861, ""mec_size"": 6, ""mec_entropy_nats"": 1.79176, ""mec_exhaustive"": true}"
20260819T065858Z,eig+meek,none,2,113229833,2,1,5.5471,1,1,2,0.69315,1,1,1,0.0,1.0,0.69315,0.69315,0.0,0,0,0,"{""rule"": ""max_expected_information_gain"", ""eig_nats"": 0.69315, ""mec_size"": 2, ""mec_entropy_nats"": 0.69315, ""mec_exhaustive"": true}"
20260819T065858Z,eig+meek,none,2,113229833,3,1,5.5471,1,0,2,0.69315,1,1,1,0.0,1.0,0.69315,0.69315,0.0,1,1,0,"{""rule"": ""max_expected_information_gain"", ""eig_nats"": 0.69315, ""mec_size"": 2, ""mec_entropy_nats"": 0.69315, ""mec_exhaustive"": true}"
20260819T065858Z,oracle+meek,none,2,113229833,1,6,3.2677,3,1,6,1.79176,1,2,2,0.0,1.0,1.09861,1.09861,0.0,2,2,0,"{""rule"": ""max_true_gain"", ""gain"": 2}"
20260819T065858Z,oracle+meek,none,2,113229833,2,1,5.5471,1,1,2,0.69315,1,1,1,0.0,1.0,0.69315,0.69315,0.0,0,0,0,"{""rule"": ""max_true_gain"", ""gain"": 1}"
20260819T065858Z,oracle+meek,none,2,113229833,3,1,5.5471,1,0,2,0.69315,1,1,1,0.0,1.0,0.69315,0.69315,0.0,1,1,0,"{""rule"": ""max_true_gain"", ""gain"": 1}"
20260819T065858Z,random+meek,none,2,115210587,1,7,2.9524,3,1,6,1.79176,1,2,2,0.0,1.0,0.63651,1.09861,0.4621,2,2,0,"{""rule"": ""uniform_over_open_targets""}"
20260819T065858Z,random+meek,none,2,115210587,2,4,2.9997,1,0,2,0.69315,1,1,1,0.0,1.0,0.69315,0.69315,0.0,1,1,0,"{""rule"": ""uniform_over_open_targets""}"
20260819T065858Z,maxdeg+meek,none,2,115210587,1,1,4.6997,3,1,6,1.79176,1,2,2,0.0,1.0,1.09861,1.09861,0.0,2,2,0,"{""rule"": ""max_undirected_degree"", ""degree"": 2}"
20260819T065858Z,maxdeg+meek,none,2,115210587,2,4,2.9997,1,0,2,0.69315,1,1,1,0.0,1.0,0.69315,0.69315,0.0,1,1,0,"{""rule"": ""max_undirected_degree"", ""degree"": 1}"
20260819T065858Z,eig+meek,none,2,115210587,1,1,4.6997,3,1,6,1.79176,1,2,2,0.0,1.0,1.09861,1.09861,0.0,2,2,0,"{""rule"": ""max_expected_information_gain"", ""eig_nats"": 1.09861, ""mec_size"": 6, ""mec_entropy_nats"": 1.79176, ""mec_exhaustive"": true}"
20260819T065858Z,eig+meek,none,2,115210587,2,4,2.9997,1,0,2,0.69315,1,1,1,0.0,1.0,0.69315,0.69315,0.0,1,1,0,"{""rule"": ""max_expected_information_gain"", ""eig_nats"": 0.69315, ""mec_size"": 2, ""mec_entropy_nats"": 0.69315, ""mec_exhaustive"": true}"
20260819T065858Z,oracle+meek,none,2,115210587,1,1,4.6997,3,1,6,1.79176,1,2,2,0.0,1.0,1.09861,1.09861,0.0,2,2,0,"{""rule"": ""max_true_gain"", ""gain"": 2}"
20260819T065858Z,oracle+meek,none,2,115210587,2,4,2.9997,1,0,2,0.69315,1,1,1,0.0,1.0,0.69315,0.69315,0.0,1,1,0,"{""rule"": ""max_true_gain"", ""gain"": 1}"
20260819T065858Z,random+meek,none,2,1528591101,1,0,9.2387,4,3,5,1.60944,1,1,4,3.0,0.25,0.5004,1.05492,0.55452,1,1,0,"{""rule"": ""uniform_over_open_targets""}"
20260819T065858Z,random+meek,none,2,1528591101,2,5,5.5437,3,2,4,1.38629,1,1,3,2.0,0.33333,0.56234,1.03972,0.47739,1,1,0,"{""rule"": ""uniform_over_open_targets""}"
20260819T065858Z,maxdeg+meek,none,2,1528591101,1,2,3.2526,4,0,5,1.60944,1,4,4,0.0,1.0,0.95027,1.05492,0.10465,4,4,0,"{""rule"": ""max_undirected_degree"", ""degree"": 2}"
20260819T065858Z,eig+meek,none,2,1528591101,1,6,4.0763,4,2,5,1.60944,1,3,4,1.0,0.75,1.05492,1.05492,0.0,2,2,0,"{""rule"": ""max_expected_information_gain"", ""eig_nats"": 1.05492, ""mec_size"": 5, ""mec_entropy_nats"": 1.60944, ""mec_exhaustive"": true}"
20260819T065858Z,eig+meek,none,2,1528591101,2,2,3.2526,2,0,3,1.09861,1,2,2,0.0,1.0,1.09861,1.09861,0.0,2,2,0,"{""rule"": ""max_expected_information_gain"", ""eig_nats"": 1.09861, ""mec_size"": 3, ""mec_entropy_nats"": 1.09861, ""mec_exhaustive"": true}"
20260819T065858Z,oracle+meek,none,2,1528591101,1,2,3.2526,4,0,5,1.60944,1,4,4,0.0,1.0,0.95027,1.05492,0.10465,4,4,0,"{""rule"": ""max_true_gain"", ""gain"": 4}"
20260819T065858Z,random+meek,none,2,2139245632,1,0,12.189,4,2,9,2.19722,1,1,2,1.0,0.5,0.63651,1.09861,0.4621,2,0,2,"{""rule"": ""uniform_over_open_targets""}"
20260819T065858Z,random+meek,none,2,2139245632,2,7,5.0999,2,0,3,1.09861,1,2,2,0.0,1.0,1.09861,1.09861,0.0,2,2,0,"{""rule"": ""uniform_over_open_targets""}"
20260819T065858Z,maxdeg+meek,none,2,2139245632,1,2,6.6612,4,2,9,2.19722,1,2,2,0.0,1.0,1.09861,1.09861,0.0,2,1,1,"{""rule"": ""max_undirected_degree"", ""degree"": 2}"
20260819T065858Z,maxdeg+meek,none,2,2139245632,2,7,5.0999,2,0,3,1.09861,1,2,2,0.0,1.0,1.09861,1.09861,0.0,2,2,0,"{""rule"": ""max_undirected_degree"", ""degree"": 2}"
20260819T065858Z,eig+meek,none,2,2139245632,1,2,6.6612,4,2,9,2.19722,1,2,2,0.0,1.0,1.09861,1.09861,0.0,2,1,1,"{""rule"": ""max_expected_information_gain"", ""eig_nats"": 1.09861, ""mec_size"": 9, ""mec_entropy_nats"": 2.19722, ""mec_exhaustive"": true}"
20260819T065858Z,eig+meek,none,2,2139245632,2,7,5.0999,2,0,3,1.09861,1,2,2,0.0,1.0,1.09861,1.09861,0.0,2,2,0,"{""rule"": ""max_expected_information_gain"", ""eig_nats"": 1.09861, ""mec_size"": 3, ""mec_entropy_nats"": 1.09861, ""mec_exhaustive"": true}"
20260819T065858Z,oracle+meek,none,2,2139245632,1,1,2.8569,4,2,9,2.19722,1,2,2,0.0,1.0,0.63651,1.09861,0.4621,2,2,0,"{""rule"": ""max_true_gain"", ""gain"": 2}"
20260819T065858Z,oracle+meek,none,2,2139245632,2,5,3.1247,2,0,3,1.09861,1,2,2,0.0,1.0,0.63651,1.09861,0.4621,2,2,0,"{""rule"": ""max_true_gain"", ""gain"": 2}"
20260819T065858Z,random+meek,none,2,1013733486,1,0,4.4717,3,2,6,1.79176,1,1,2,1.0,0.5,0.69315,1.09861,0.40547,1,1,0,"{""rule"": ""uniform_over_open_targets""}"
20260819T065858Z,random+meek,none,2,1013733486,2,2,3.0656,2,0,3,1.09861,1,2,2,0.0,1.0,1.09861,1.09861,0.0,2,2,0,"{""rule"": ""uniform_over_open_targets""}"
20260819T065858Z,maxdeg+meek,none,2,1013733486,1,2,3.0656,3,1,6,1.79176,1,2,2,0.0,1.0,1.09861,1.09861,0.0,2,2,0,"{""rule"": ""max_undirected_degree"", ""degree"": 2}"
20260819T065858Z,maxdeg+meek,none,2,1013733486,2,0,4.4717,1,0,2,0.69315,1,1,1,0.0,1.0,0.69315,0.69315,0.0,1,1,0,"{""rule"": ""max_undirected_degree"", ""degree"": 1}"
20260819T065858Z,eig+meek,none,2,1013733486,1,2,3.0656,3,1,6,1.79176,1,2,2,0.0,1.0,1.09861,1.09861,0.0,2,2,0,"{""rule"": ""max_expected_information_gain"", ""eig_nats"": 1.09861, ""mec_size"": 6, ""mec_entropy_nats"": 1.79176, ""mec_exhaustive"": true}"
20260819T065858Z,eig+meek,none,2,1013733486,2,0,4.4717,1,0,2,0.69315,1,1,1,0.0,1.0,0.69315,0.69315,0.0,1,1,0,"{""rule"": ""max_expected_information_gain"", ""eig_nats"": 0.69315, ""mec_size"": 2, ""mec_entropy_nats"": 0.69315, ""mec_exhaustive"": true}"
20260819T065858Z,oracle+meek,none,2,1013733486,1,2,3.0656,3,1,6,1.79176,1,2,2,0.0,1.0,1.09861,1.09861,0.0,2,2,0,"{""rule"": ""max_true_gain"", ""gain"": 2}"
20260819T065858Z,oracle+meek,none,2,1013733486,2,0,4.4717,1,0,2,0.69315,1,1,1,0.0,1.0,0.69315,0.69315,0.0,1,1,0,"{""rule"": ""max_true_gain"", ""gain"": 1}"
20260819T065858Z,random+meek,none,2,1205066770,1,1,4.7392,4,1,8,2.07944,1,3,3,0.0,1.0,1.03972,1.03972,0.0,3,3,0,"{""rule"": ""uniform_over_open_targets""}"
20260819T065858Z,random+meek,none,2,1205066770,2,3,6.1491,1,0,2,0.69315,1,1,1,0.0,1.0,0.69315,0.69315,0.0,1,1,0,"{""rule"": ""uniform_over_open_targets""}"
20260819T065858Z,maxdeg+meek,none,2,1205066770,1,1,4.7392,4,1,8,2.07944,1,3,3,0.0,1.0,1.03972,1.03972,0.0,3,3,0,"{""rule"": ""max_undirected_degree"", ""degree"": 2}"
20260819T065858Z,maxdeg+meek,none,2,1205066770,2,3,6.1491,1,0,2,0.69315,1,1,1,0.0,1.0,0.69315,0.69315,0.0,1,1,0,"{""rule"": ""max_undirected_degree"", ""degree"": 1}"
20260819T065858Z,eig+meek,none,2,1205066770,1,1,4.7392,4,1,8,2.07944,1,3,3,0.0,1.0,1.03972,1.03972,0.0,3,3,0,"{""rule"": ""max_expected_information_gain"", ""eig_nats"": 1.03972, ""mec_size"": 8, ""mec_entropy_nats"": 2.07944, ""mec_exhaustive"": true}"
20260819T065858Z,eig+meek,none,2,1205066770,2,3,6.1491,1,0,2,0.69315,1,1,1,0.0,1.0,0.69315,0.69315,0.0,1,1,0,"{""rule"": ""max_expected_information_gain"", ""eig_nats"": 0.69315, ""mec_size"": 2, ""mec_entropy_nats"": 0.69315, ""mec_exhaustive"": true}"
20260819T065858Z,oracle+meek,none,2,1205066770,1,1,4.7392,4,1,8,2.07944,1,3,3,0.0,1.0,1.03972,1.03972,0.0,3,3,0,"{""rule"": ""max_true_gain"", ""gain"": 3}"
20260819T065858Z,oracle+meek,none,2,1205066770,2,3,6.1491,1,0,2,0.69315,1,1,1,0.0,1.0,0.69315,0.69315,0.0,1,1,0,"{""rule"": ""max_true_gain"", ""gain"": 1}"
20260819T065858Z,random+meek,none,3,1209483262,1,6,3.213,3,0,4,1.38629,1,3,3,0.0,1.0,1.03972,1.03972,0.0,3,3,0,"{""rule"": ""uniform_over_open_targets""}"
20260819T065858Z,maxdeg+meek,none,3,1209483262,1,0,3.6541,3,1,4,1.38629,1,2,3,1.0,0.66667,1.03972,1.03972,0.0,2,2,0,"{""rule"": ""max_undirected_degree"", ""degree"": 2}"
20260819T065858Z,maxdeg+meek,none,3,1209483262,2,5,6.0582,1,0,2,0.69315,1,1,1,0.0,1.0,0.69315,0.69315,0.0,1,1,0,"{""rule"": ""max_undirected_degree"", ""degree"": 1}"
20260819T065858Z,eig+meek,none,3,1209483262,1,0,3.6541,3,1,4,1.38629,1,2,3,1.0,0.66667,1.03972,1.03972,0.0,2,2,0,"{""rule"": ""max_expected_information_gain"", ""eig_nats"": 1.03972, ""mec_size"": 4, ""mec_entropy_nats"": 1.38629, ""mec_exhaustive"": true}"
20260819T065858Z,eig+meek,none,3,1209483262,2,5,6.0582,1,0,2,0.69315,1,1,1,0.0,1.0,0.69315,0.69315,0.0,1,1,0,"{""rule"": ""max_expected_information_gain"", ""eig_nats"": 0.69315, ""mec_size"": 2, ""mec_entropy_nats"": 0.69315, ""mec_exhaustive"": true}"
20260819T065858Z,oracle+meek,none,3,1209483262,1,6,3.213,3,0,4,1.38629,1,3,3,0.0,1.0,1.03972,1.03972,0.0,3,3,0,"{""rule"": ""max_true_gain"", ""gain"": 3}"
20260819T065858Z,maxdeg+meek,none,3,1409296086,1,4,4.1062,5,2,12,2.48491,1,3,3,0.0,1.0,1.03972,1.09861,0.05889,3,2,1,"{""rule"": ""max_undirected_degree"", ""degree"": 2}"
20260819T065858Z,maxdeg+meek,none,3,1409296086,2,7,2.769,2,0,3,1.09861,1,2,2,0.0,1.0,1.09861,1.09861,0.0,2,2,0,"{""rule"": ""max_undirected_degree"", ""degree"": 2}"
20260819T065858Z,random+meek,none,3,1409296086,1,8,15.677,5,3,12,2.48491,1,2,3,1.0,0.66667,1.03972,1.09861,0.05889,2,2,0,"{""rule"": ""uniform_over_open_targets""}"
20260819T065858Z,random+meek,none,3,1409296086,2,6,5.2207,3,3,6,1.79176,1,1,2,1.0,0.5,0.63651,1.09861,0.4621,0,0,0,"{""rule"": ""uniform_over_open_targets""}"
20260819T065858Z,random+meek,none,3,1409296086,3,7,2.769,3,1,6,1.79176,1,2,2,0.0,1.0,1.09861,1.09861,0.0,2,2,0,"{""rule"": ""uniform_over_open_targets""}"
20260819T065858Z,random+meek,none,3,1409296086,4,4,4.1062,1,0,2,0.69315,1,1,1,0.0,1.0,0.69315,0.69315,0.0,1,1,0,"{""rule"": ""uniform_over_open_targets""}"
20260819T065858Z,oracle+meek,none,3,1409296086,1,2,8.3622,5,2,12,2.48491,1,3,3,0.0,1.0,0.56234,1.09861,0.53628,3,1,2,"{""rule"": ""max_true_gain"", ""gain"": 3}"
20260819T065858Z,oracle+meek,none,3,1409296086,2,7,2.769,2,0,3,1.09861,1,2,2,0.0,1.0,1.09861,1.09861,0.0,2,2,0,"{""rule"": ""max_true_gain"", ""gain"": 2}"
20260819T065858Z,eig+meek,none,3,1409296086,1,7,2.769,5,3,12,2.48491,1,2,3,1.0,0.66667,1.09861,1.09861,0.0,2,2,0,"{""rule"": ""max_expected_information_gain"", ""eig_nats"": 1.09861, ""mec_size"": 12, ""mec_entropy_nats"": 2.48491, ""mec_exhaustive"": true}"
20260819T065858Z,eig+meek,none,3,1409296086,2,4,4.1062,3,1,4,1.38629,1,3,3,0.0,1.0,1.03972,1.03972,0.0,2,1,1,"{""rule"": ""max_expected_information_gain"", ""eig_nats"": 1.03972, ""mec_size"": 4, ""mec_entropy_nats"": 1.38629, ""mec_exhaustive"": true}"
20260819T065858Z,eig+meek,none,3,1409296086,3,4,4.1062,1,1,2,0.69315,1,1,1,0.0,1.0,0.69315,0.69315,0.0,0,0,0,"{""rule"": ""max_expected_information_gain"", ""eig_nats"": 0.69315, ""mec_size"": 2, ""mec_entropy_nats"": 0.69315, ""mec_exhaustive"": true}"
20260819T065858Z,eig+meek,none,3,1409296086,4,4,4.1062,1,0,2,0.69315,1,1,1,0.0,1.0,0.69315,0.69315,0.0,1,1,0,"{""rule"": ""max_expected_information_gain"", ""eig_nats"": 0.69315, ""mec_size"": 2, ""mec_entropy_nats"": 0.69315, ""mec_exhaustive"": true}"
20260819T065858Z,random+meek,none,3,1868687150,1,5,19.5391,4,3,9,2.19722,1,1,2,1.0,0.5,0.63651,1.09861,0.4621,1,1,0,"{""rule"": ""uniform_over_open_targets""}"
20260819T065858Z,random+meek,none,3,1868687150,2,7,6.7115,3,2,6,1.79176,1,1,2,1.0,0.5,0.69315,1.09861,0.40547,1,1,0,"{""rule"": ""uniform_over_open_targets""}"
20260819T065858Z,random+meek,none,3,1868687150,3,0,4.0131,2,1,3,1.09861,1,2,2,0.0,1.0,1.09861,1.09861,0.0,1,1,0,"{""rule"": ""uniform_over_open_targets""}"
20260819T065858Z,maxdeg+meek,none,3,1868687150,1,0,4.0131,4,3,9,2.19722,1,2,2,0.0,1.0,1.09861,1.09861,0.0,1,1,0,"{""rule"": ""max_undirected_degree"", ""degree"": 2}"
20260819T065858Z,maxdeg+meek,none,3,1868687150,2,7,6.7115,3,1,6,1.79176,1,2,2,0.0,1.0,1.09861,1.09861,0.0,2,2,0,"{""rule"": ""max_undirected_degree"", ""degree"": 2}"
20260819T065858Z,maxdeg+meek,none,3,1868687150,3,0,4.0131,1,1,2,0.69315,1,1,1,0.0,1.0,0.69315,0.69315,0.0,0,0,0,"{""rule"": ""max_undirected_degree"", ""degree"": 1}"
20260819T065858Z,eig+meek,none,3,1868687150,1,0,4.0131,4,3,9,2.19722,1,2,2,0.0,1.0,1.09861,1.09861,0.0,1,1,0,"{""rule"": ""max_expected_information_gain"", ""eig_nats"": 1.09861, ""mec_size"": 9, ""mec_entropy_nats"": 2.19722, ""mec_exhaustive"": true}"
20260819T065858Z,eig+meek,none,3,1868687150,2,7,6.7115,3,1,6,1.79176,1,2,2,0.0,1.0,1.09861,1.09861,0.0,2,2,0,"{""rule"": ""max_expected_information_gain"", ""eig_nats"": 1.09861, ""mec_size"": 6, ""mec_entropy_nats"": 1.79176, ""mec_exhaustive"": true}"
20260819T065858Z,eig+meek,none,3,1868687150,3,0,4.0131,1,1,2,0.69315,1,1,1,0.0,1.0,0.69315,0.69315,0.0,0,0,0,"{""rule"": ""max_expected_information_gain"", ""eig_nats"": 0.69315, ""mec_size"": 2, ""mec_entropy_nats"": 0.69315, ""mec_exhaustive"": true}"
20260819T065858Z,oracle+meek,none,3,1868687150,1,0,4.0131,4,3,9,2.19722,1,2,2,0.0,1.0,1.09861,1.09861,0.0,1,1,0,"{""rule"": ""max_true_gain"", ""gain"": 2}"
20260819T065858Z,oracle+meek,none,3,1868687150,2,2,3.1204,3,1,6,1.79176,1,2,2,0.0,1.0,0.63651,1.09861,0.4621,2,2,0,"{""rule"": ""max_true_gain"", ""gain"": 2}"
20260819T065858Z,oracle+meek,none,3,1868687150,3,0,4.0131,1,1,2,0.69315,1,1,1,0.0,1.0,0.69315,0.69315,0.0,0,0,0,"{""rule"": ""max_true_gain"", ""gain"": 1}"
20260819T065858Z,random+meek,none,3,1851410617,1,2,3.8082,5,4,16,2.77259,1,1,4,3.0,0.25,0.69315,1.55958,0.86643,1,1,0,"{""rule"": ""uniform_over_open_targets""}"
20260819T065858Z,random+meek,none,3,1851410617,2,9,6.4051,4,0,8,2.07944,1,4,4,0.0,1.0,1.55958,1.55958,0.0,4,4,0,"{""rule"": ""uniform_over_open_targets""}"
20260819T065858Z,maxdeg+meek,none,3,1851410617,1,9,6.4051,5,1,16,2.77259,1,4,4,0.0,1.0,1.55958,1.55958,0.0,4,4,0,"{""rule"": ""max_undirected_degree"", ""degree"": 3}"
20260819T065858Z,maxdeg+meek,none,3,1851410617,2,2,3.8082,1,0,2,0.69315,1,1,1,0.0,1.0,0.69315,0.69315,0.0,1,1,0,"{""rule"": ""max_undirected_degree"", ""degree"": 1}"
20260819T065858Z,eig+meek,none,3,1851410617,1,9,6.4051,5,1,16,2.77259,1,4,4,0.0,1.0,1.55958,1.55958,0.0,4,4,0,"{""rule"": ""max_expected_information_gain"", ""eig_nats"": 1.55958, ""mec_size"": 16, ""mec_entropy_nats"": 2.77259, ""mec_exhaustive"": true}"
20260819T065858Z,eig+meek,none,3,1851410617,2,2,3.8082,1,0,2,0.69315,1,1,1,0.0,1.0,0.69315,0.69315,0.0,1,1,0,"{""rule"": ""max_expected_information_gain"", ""eig_nats"": 0.69315, ""mec_size"": 2, ""mec_entropy_nats"": 0.69315, ""mec_exhaustive"": true}"
20260819T065858Z,oracle+meek,none,3,1851410617,1,9,6.4051,5,1,16,2.77259,1,4,4,0.0,1.0,1.55958,1.55958,0.0,4,4,0,"{""rule"": ""max_true_gain"", ""gain"": 4}"
20260819T065858Z,oracle+meek,none,3,1851410617,2,2,3.8082,1,0,2,0.69315,1,1,1,0.0,1.0,0.69315,0.69315,0.0,1,1,0,"{""rule"": ""max_true_gain"", ""gain"": 1}"
20260819T065858Z,random+meek,none,3,1511305649,1,3,5.249,4,3,5,1.60944,1,1,4,3.0,0.25,0.5004,1.33218,0.83178,1,1,0,"{""rule"": ""uniform_over_open_targets""}"
20260819T065858Z,random+meek,none,3,1511305649,2,2,5.8257,3,3,4,1.38629,1,1,3,2.0,0.33333,0.56234,1.03972,0.47739,0,0,0,"{""rule"": ""uniform_over_open_targets""}"
20260819T065858Z,maxdeg+meek,none,3,1511305649,1,5,2.8913,4,0,5,1.60944,1,4,4,0.0,1.0,1.33218,1.33218,0.0,4,4,0,"{""rule"": ""max_undirected_degree"", ""degree"": 3}"
20260819T065858Z,eig+meek,none,3,1511305649,1,5,2.8913,4,0,5,1.60944,1,4,4,0.0,1.0,1.33218,1.33218,0.0,4,4,0,"{""rule"": ""max_expected_information_gain"", ""eig_nats"": 1.33218, ""mec_size"": 5, ""mec_entropy_nats"": 1.60944, ""mec_exhaustive"": true}"
20260819T065858Z,oracle+meek,none,3,1511305649,1,5,2.8913,4,0,5,1.60944,1,4,4,0.0,1.0,1.33218,1.33218,0.0,4,4,0,"{""rule"": ""max_true_gain"", ""gain"": 4}"
20260819T065858Z,random+meek,none,3,1221181939,1,4,5.4754,5,4,10,2.30259,1,1,4,3.0,0.25,0.69315,1.33218,0.63903,1,1,0,"{""rule"": ""uniform_over_open_targets""}"
20260819T065858Z,random+meek,none,3,1221181939,2,8,6.5539,4,2,5,1.60944,1,2,4,2.0,0.5,0.95027,1.33218,0.38191,2,2,0,"{""rule"": ""uniform_over_open_targets""}"
20260819T065858Z,random+meek,none,3,1221181939,3,7,5.3215,2,2,3,1.09861,1,1,2,1.0,0.5,0.63651,1.09861,0.4621,0,0,0,"{""rule"": ""uniform_over_open_targets""}"
20260819T065858Z,maxdeg+meek,none,3,1221181939,1,2,2.7925,5,1,10,2.30259,1,4,4,0.0,1.0,1.33218,1.33218,0.0,4,4,0,"{""rule"": ""max_undirected_degree"", ""degree"": 3}"
20260819T065858Z,maxdeg+meek,none,3,1221181939,2,4,5.4754,1,0,2,0.69315,1,1,1,0.0,1.0,0.69315,0.69315,0.0,1,1,0,"{""rule"": ""max_undirected_degree"", ""degree"": 1}"
20260819T065858Z,eig+meek,none,3,1221181939,1,2,2.7925,5,1,10,2.30259,1,4,4,0.0,1.0,1.33218,1.33218,0.0,4,4,0,"{""rule"": ""max_expected_information_gain"", ""eig_nats"": 1.33218, ""mec_size"": 10, ""mec_entropy_nats"": 2.30259, ""mec_exhaustive"": true}"
20260819T065858Z,eig+meek,none,3,1221181939,2,4,5.4754,1,0,2,0.69315,1,1,1,0.0,1.0,0.69315,0.69315,0.0,1,1,0,"{""rule"": ""max_expected_information_gain"", ""eig_nats"": 0.69315, ""mec_size"": 2, ""mec_entropy_nats"": 0.69315, ""mec_exhaustive"": true}"
20260819T065858Z,oracle+meek,none,3,1221181939,1,2,2.7925,5,1,10,2.30259,1,4,4,0.0,1.0,1.33218,1.33218,0.0,4,4,0,"{""rule"": ""max_true_gain"", ""gain"": 4}"
20260819T065858Z,oracle+meek,none,3,1221181939,2,4,5.4754,1,0,2,0.69315,1,1,1,0.0,1.0,0.69315,0.69315,0.0,1,1,0,"{""rule"": ""max_true_gain"", ""gain"": 1}"
20260819T065858Z,random+meek,none,3,1971979182,1,0,2.954,5,4,16,2.77259,1,1,3,2.0,0.33333,0.69315,1.03972,0.34657,1,1,0,"{""rule"": ""uniform_over_open_targets""}"
20260819T065858Z,random+meek,none,3,1971979182,2,3,2.9416,4,3,8,2.07944,1,1,3,2.0,0.33333,0.69315,1.03972,0.34657,1,1,0,"{""rule"": ""uniform_over_open_targets""}"
20260819T065858Z,random+meek,none,3,1971979182,3,6,4.311,3,0,4,1.38629,1,3,3,0.0,1.0,1.03972,1.03972,0.0,3,3,0,"{""rule"": ""uniform_over_open_targets""}"
20260819T065858Z,maxdeg+meek,none,3,1971979182,1,6,4.311,5,2,16,2.77259,1,3,3,0.0,1.0,1.03972,1.03972,0.0,3,3,0,"{""rule"": ""max_undirected_degree"", ""degree"": 2}"
20260819T065858Z,maxdeg+meek,none,3,1971979182,2,0,2.954,2,1,4,1.38629,1,1,1,0.0,1.0,0.69315,0.69315,0.0,1,1,0,"{""rule"": ""max_undirected_degree"", ""degree"": 1}"
20260819T065858Z,maxdeg+meek,none,3,1971979182,3,2,6.2522,1,0,2,0.69315,1,1,1,0.0,1.0,0.69315,0.69315,0.0,1,1,0,"{""rule"": ""max_undirected_degree"", ""degree"": 1}"
20260819T065858Z,eig+meek,none,3,1971979182,1,6,4.311,5,2,16,2.77259,1,3,3,0.0,1.0,1.03972,1.03972,0.0,3,3,0,"{""rule"": ""max_expected_information_gain"", ""eig_nats"": 1.03972, ""mec_size"": 16, ""mec_entropy_nats"": 2.77259, ""mec_exhaustive"": true}"
20260819T065858Z,eig+meek,none,3,1971979182,2,0,2.954,2,1,4,1.38629,1,1,1,0.0,1.0,0.69315,0.69315,0.0,1,1,0,"{""rule"": ""max_expected_information_gain"", ""eig_nats"": 0.69315, ""mec_size"": 4, ""mec_entropy_nats"": 1.38629, ""mec_exhaustive"": true}"
20260819T065858Z,eig+meek,none,3,1971979182,3,2,6.2522,1,0,2,0.69315,1,1,1,0.0,1.0,0.69315,0.69315,0.0,1,1,0,"{""rule"": ""max_expected_information_gain"", ""eig_nats"": 0.69315, ""mec_size"": 2, ""mec_entropy_nats"": 0.69315, ""mec_exhaustive"": true}"
20260819T065858Z,oracle+meek,none,3,1971979182,1,5,3.0639,5,2,16,2.77259,1,3,3,0.0,1.0,0.56234,1.03972,0.47739,3,3,0,"{""rule"": ""max_true_gain"", ""gain"": 3}"
20260819T065858Z,oracle+meek,none,3,1971979182,2,0,2.954,2,1,4,1.38629,1,1,1,0.0,1.0,0.69315,0.69315,0.0,1,1,0,"{""rule"": ""max_true_gain"", ""gain"": 1}"
20260819T065858Z,oracle+meek,none,3,1971979182,3,2,6.2522,1,0,2,0.69315,1,1,1,0.0,1.0,0.69315,0.69315,0.0,1,1,0,"{""rule"": ""max_true_gain"", ""gain"": 1}"
20260819T065858Z,random+meek,none,3,672264874,1,8,3.0493,4,3,8,2.07944,1,1,3,2.0,0.33333,0.69315,1.38629,0.69315,1,1,0,"{""rule"": ""uniform_over_open_targets""}"
20260819T065858Z,random+meek,none,3,672264874,2,4,3.1973,3,0,4,1.38629,1,3,3,0.0,1.0,1.38629,1.38629,0.0,3,3,0,"{""rule"": ""uniform_over_open_targets""}"
20260819T065858Z,maxdeg+meek,none,3,672264874,1,4,3.1973,4,1,8,2.07944,1,3,3,0.0,1.0,1.38629,1.38629,0.0,3,3,0,"{""rule"": ""max_undirected_degree"", ""degree"": 3}"
20260819T065858Z,maxdeg+meek,none,3,672264874,2,1,5.2672,1,0,2,0.69315,1,1,1,0.0,1.0,0.69315,0.69315,0.0,1,1,0,"{""rule"": ""max_undirected_degree"", ""degree"": 1}"
20260819T065858Z,eig+meek,none,3,672264874,1,4,3.1973,4,1,8,2.07944,1,3,3,0.0,1.0,1.38629,1.38629,0.0,3,3,0,"{""rule"": ""max_expected_information_gain"", ""eig_nats"": 1.38629, ""mec_size"": 8, ""mec_entropy_nats"": 2.07944, ""mec_exhaustive"": true}"
20260819T065858Z,eig+meek,none,3,672264874,2,1,5.2672,1,0,2,0.69315,1,1,1,0.0,1.0,0.69315,0.69315,0.0,1,1,0,"{""rule"": ""max_expected_information_gain"", ""eig_nats"": 0.69315, ""mec_size"": 2, ""mec_entropy_nats"": 0.69315, ""mec_exhaustive"": true}"
20260819T065858Z,oracle+meek,none,3,672264874,1,4,3.1973,4,1,8,2.07944,1,3,3,0.0,1.0,1.38629,1.38629,0.0,3,3,0,"{""rule"": ""max_true_gain"", ""gain"": 3}"
20260819T065858Z,oracle+meek,none,3,672264874,2,1,5.2672,1,0,2,0.69315,1,1,1,0.0,1.0,0.69315,0.69315,0.0,1,1,0,"{""rule"": ""max_true_gain"", ""gain"": 1}"
20260819T065858Z,random+meek,none,3,1871593145,1,3,3.0957,8,7,28,3.3322,1,1,6,5.0,0.16667,0.69315,1.27703,0.58389,1,1,0,"{""rule"": ""uniform_over_open_targets""}"
20260819T065858Z,random+meek,none,3,1871593145,2,7,4.1798,7,4,14,2.63906,1,3,6,3.0,0.5,1.25276,1.27703,0.02427,3,3,0,"{""rule"": ""uniform_over_open_targets""}"
20260819T065858Z,random+meek,none,3,1871593145,3,2,7.6671,4,3,8,2.07944,1,1,3,2.0,0.33333,0.56234,1.03972,0.47739,1,1,0,"{""rule"": ""uniform_over_open_targets""}"
20260819T065858Z,random+meek,none,3,1871593145,4,4,4.0024,3,2,6,1.79176,1,1,2,1.0,0.5,0.63651,1.09861,0.4621,1,1,0,"{""rule"": ""uniform_over_open_targets""}"
20260819T065858Z,maxdeg+meek,none,3,1871593145,1,6,3.431,8,2,28,3.3322,1,6,6,0.0,1.0,1.27703,1.27703,0.0,6,6,0,"{""rule"": ""max_undirected_degree"", ""degree"": 3}"
20260819T065858Z,maxdeg+meek,none,3,1871593145,2,1,16.4058,2,2,4,1.38629,1,1,1,0.0,1.0,0.69315,0.69315,0.0,0,0,0,"{""rule"": ""max_undirected_degree"", ""degree"": 1}"
20260819T065858Z,maxdeg+meek,none,3,1871593145,3,1,16.4058,2,1,4,1.38629,1,1,1,0.0,1.0,0.69315,0.69315,0.0,1,1,0,"{""rule"": ""max_undirected_degree"", ""degree"": 1}"
20260819T065858Z,maxdeg+meek,none,3,1871593145,4,3,3.0957,1,0,2,0.69315,1,1,1,0.0,1.0,0.69315,0.69315,0.0,1,1,0,"{""rule"": ""max_undirected_degree"", ""degree"": 1}"
20260819T065858Z,eig+meek,none,3,1871593145,1,6,3.431,8,2,28,3.3322,1,6,6,0.0,1.0,1.27703,1.27703,0.0,6,6,0,"{""rule"": ""max_expected_information_gain"", ""eig_nats"": 1.27703, ""mec_size"": 28, ""mec_entropy_nats"": 3.3322, ""mec_exhaustive"": true}"
20260819T065858Z,eig+meek,none,3,1871593145,2,1,16.4058,2,2,4,1.38629,1,1,1,0.0,1.0,0.69315,0.69315,0.0,0,0,0,"{""rule"": ""max_expected_information_gain"", ""eig_nats"": 0.69315, ""mec_size"": 4, ""mec_entropy_nats"": 1.38629, ""mec_exhaustive"": true}"
20260819T065858Z,eig+meek,none,3,1871593145,3,1,16.4058,2,1,4,1.38629,1,1,1,0.0,1.0,0.69315,0.69315,0.0,1,1,0,"{""rule"": ""max_expected_information_gain"", ""eig_nats"": 0.69315, ""mec_size"": 4, ""mec_entropy_nats"": 1.38629, ""mec_exhaustive"": true}"
20260819T065858Z,eig+meek,none,3,1871593145,4,3,3.0957,1,0,2,0.69315,1,1,1,0.0,1.0,0.69315,0.69315,0.0,1,1,0,"{""rule"": ""max_expected_information_gain"", ""eig_nats"": 0.69315, ""mec_size"": 2, ""mec_entropy_nats"": 0.69315, ""mec_exhaustive"": true}"
20260819T065858Z,oracle+meek,none,3,1871593145,1,6,3.431,8,2,28,3.3322,1,6,6,0.0,1.0,1.27703,1.27703,0.0,6,6,0,"{""rule"": ""max_true_gain"", ""gain"": 6}"
20260819T065858Z,oracle+meek,none,3,1871593145,2,1,16.4058,2,2,4,1.38629,1,1,1,0.0,1.0,0.69315,0.69315,0.0,0,0,0,"{""rule"": ""max_true_gain"", ""gain"": 1}"
20260819T065858Z,oracle+meek,none,3,1871593145,3,1,16.4058,2,1,4,1.38629,1,1,1,0.0,1.0,0.69315,0.69315,0.0,1,1,0,"{""rule"": ""max_true_gain"", ""gain"": 1}"
20260819T065858Z,oracle+meek,none,3,1871593145,4,3,3.0957,1,0,2,0.69315,1,1,1,0.0,1.0,0.69315,0.69315,0.0,1,1,0,"{""rule"": ""max_true_gain"", ""gain"": 1}"
20260819T065858Z,random+meek,none,3,1160858884,1,4,4.8651,3,2,6,1.79176,1,1,2,1.0,0.5,0.63651,1.09861,0.4621,1,1,0,"{""rule"": ""uniform_over_open_targets""}"
20260819T065858Z,random+meek,none,3,1160858884,2,5,3.0534,2,1,4,1.38629,1,1,1,0.0,1.0,0.69315,0.69315,0.0,1,1,0,"{""rule"": ""uniform_over_open_targets""}"
20260819T065858Z,random+meek,none,3,1160858884,3,8,3.2114,1,0,2,0.69315,1,1,1,0.0,1.0,0.69315,0.69315,0.0,1,1,0,"{""rule"": ""uniform_over_open_targets""}"
20260819T065858Z,maxdeg+meek,none,3,1160858884,1,3,3.8128,3,2,6,1.79176,1,2,2,0.0,1.0,1.09861,1.09861,0.0,1,1,0,"{""rule"": ""max_undirected_degree"", ""degree"": 2}"
20260819T065858Z,maxdeg+meek,none,3,1160858884,2,1,6.0239,2,1,4,1.38629,1,1,1,0.0,1.0,0.69315,0.69315,0.0,1,1,0,"{""rule"": ""max_undirected_degree"", ""degree"": 1}"
20260819T065858Z,maxdeg+meek,none,3,1160858884,3,3,3.8128,1,1,2,0.69315,1,1,1,0.0,1.0,0.69315,0.69315,0.0,0,0,0,"{""rule"": ""max_undirected_degree"", ""degree"": 1}"
20260819T065858Z,eig+meek,none,3,1160858884,1,3,3.8128,3,2,6,1.79176,1,2,2,0.0,1.0,1.09861,1.09861,0.0,1,1,0,"{""rule"": ""max_expected_information_gain"", ""eig_nats"": 1.09861, ""mec_size"": 6, ""mec_entropy_nats"": 1.79176, ""mec_exhaustive"": true}"
20260819T065858Z,eig+meek,none,3,1160858884,2,1,6.0239,2,1,4,1.38629,1,1,1,0.0,1.0,0.69315,0.69315,0.0,1,1,0,"{""rule"": ""max_expected_information_gain"", ""eig_nats"": 0.69315, ""mec_size"": 4, ""mec_entropy_nats"": 1.38629, ""mec_exhaustive"": true}"
20260819T065858Z,eig+meek,none,3,1160858884,3,3,3.8128,1,1,2,0.69315,1,1,1,0.0,1.0,0.69315,0.69315,0.0,0,0,0,"{""rule"": ""max_expected_information_gain"", ""eig_nats"": 0.69315, ""mec_size"": 2, ""mec_entropy_nats"": 0.69315, ""mec_exhaustive"": true}"
20260819T065858Z,oracle+meek,none,3,1160858884,1,3,3.8128,3,2,6,1.79176,1,2,2,0.0,1.0,1.09861,1.09861,0.0,1,1,0,"{""rule"": ""max_true_gain"", ""gain"": 2}"
20260819T065858Z,oracle+meek,none,3,1160858884,2,1,6.0239,2,1,4,1.38629,1,1,1,0.0,1.0,0.69315,0.69315,0.0,1,1,0,"{""rule"": ""max_true_gain"", ""gain"": 1}"
20260819T065858Z,oracle+meek,none,3,1160858884,3,3,3.8128,1,1,2,0.69315,1,1,1,0.0,1.0,0.69315,0.69315,0.0,0,0,0,"{""rule"": ""max_true_gain"", ""gain"": 1}"
